File;Group;Condition;Condition_label;VWFA_cohen_5
D:\PRELUDIUM_JM\Prelu_MRI\sub-Blind1\models\1st_level_normalized\con_0001.nii;1;1;Speech_words;15,7262
D:\PRELUDIUM_JM\Prelu_MRI\sub-Blind10\models\1st_level_normalized\con_0001.nii;1;1;Speech_words;6,07484
D:\PRELUDIUM_JM\Prelu_MRI\sub-Blind11\models\1st_level_normalized\con_0001.nii;1;1;Speech_words;9,5273
D:\PRELUDIUM_JM\Prelu_MRI\sub-Blind12\models\1st_level_normalized\con_0001.nii;1;1;Speech_words;13,8118
D:\PRELUDIUM_JM\Prelu_MRI\sub-Blind13\models\1st_level_normalized\con_0001.nii;1;1;Speech_words;7,46696
D:\PRELUDIUM_JM\Prelu_MRI\sub-Blind14\models\1st_level_normalized\con_0001.nii;1;1;Speech_words;5,9123
D:\PRELUDIUM_JM\Prelu_MRI\sub-Blind15\models\1st_level_normalized\con_0001.nii;1;1;Speech_words;2,58419
D:\PRELUDIUM_JM\Prelu_MRI\sub-Blind16\models\1st_level_normalized\con_0001.nii;1;1;Speech_words;-2,00935
D:\PRELUDIUM_JM\Prelu_MRI\sub-Blind17\models\1st_level_normalized\con_0001.nii;1;1;Speech_words;5,71759
D:\PRELUDIUM_JM\Prelu_MRI\sub-Blind18\models\1st_level_normalized\con_0001.nii;1;1;Speech_words;2,27842
D:\PRELUDIUM_JM\Prelu_MRI\sub-Blind19\models\1st_level_normalized\con_0001.nii;1;1;Speech_words;1,52788
D:\PRELUDIUM_JM\Prelu_MRI\sub-Blind2\models\1st_level_normalized\con_0001.nii;1;1;Speech_words;4,29514
D:\PRELUDIUM_JM\Prelu_MRI\sub-Blind20\models\1st_level_normalized\con_0001.nii;1;1;Speech_words;5,94542
D:\PRELUDIUM_JM\Prelu_MRI\sub-Blind3\models\1st_level_normalized\con_0001.nii;1;1;Speech_words;6,86005
D:\PRELUDIUM_JM\Prelu_MRI\sub-Blind4\models\1st_level_normalized\con_0001.nii;1;1;Speech_words;4,42165
D:\PRELUDIUM_JM\Prelu_MRI\sub-Blind5\models\1st_level_normalized\con_0001.nii;1;1;Speech_words;4,87713
D:\PRELUDIUM_JM\Prelu_MRI\sub-Blind6\models\1st_level_normalized\con_0001.nii;1;1;Speech_words;10,911
D:\PRELUDIUM_JM\Prelu_MRI\sub-Blind7\models\1st_level_normalized\con_0001.nii;1;1;Speech_words;8,58035
D:\PRELUDIUM_JM\Prelu_MRI\sub-Blind8\models\1st_level_normalized\con_0001.nii;1;1;Speech_words;8,0476
D:\PRELUDIUM_JM\Prelu_MRI\sub-Blind9\models\1st_level_normalized\con_0001.nii;1;1;Speech_words;2,33601
D:\PRELUDIUM_JM\Prelu_MRI\sub-Blind1\models\1st_level_normalized\con_0002.nii;1;2;Speech_pseudo;16,6836
D:\PRELUDIUM_JM\Prelu_MRI\sub-Blind10\models\1st_level_normalized\con_0002.nii;1;2;Speech_pseudo;6,1562
D:\PRELUDIUM_JM\Prelu_MRI\sub-Blind11\models\1st_level_normalized\con_0002.nii;1;2;Speech_pseudo;8,95301
D:\PRELUDIUM_JM\Prelu_MRI\sub-Blind12\models\1st_level_normalized\con_0002.nii;1;2;Speech_pseudo;11,9393
D:\PRELUDIUM_JM\Prelu_MRI\sub-Blind13\models\1st_level_normalized\con_0002.nii;1;2;Speech_pseudo;5,36664
D:\PRELUDIUM_JM\Prelu_MRI\sub-Blind14\models\1st_level_normalized\con_0002.nii;1;2;Speech_pseudo;6,48121
D:\PRELUDIUM_JM\Prelu_MRI\sub-Blind15\models\1st_level_normalized\con_0002.nii;1;2;Speech_pseudo;0,778525
D:\PRELUDIUM_JM\Prelu_MRI\sub-Blind16\models\1st_level_normalized\con_0002.nii;1;2;Speech_pseudo;1,70091
D:\PRELUDIUM_JM\Prelu_MRI\sub-Blind17\models\1st_level_normalized\con_0002.nii;1;2;Speech_pseudo;4,04019
D:\PRELUDIUM_JM\Prelu_MRI\sub-Blind18\models\1st_level_normalized\con_0002.nii;1;2;Speech_pseudo;3,52153
D:\PRELUDIUM_JM\Prelu_MRI\sub-Blind19\models\1st_level_normalized\con_0002.nii;1;2;Speech_pseudo;0,205566
D:\PRELUDIUM_JM\Prelu_MRI\sub-Blind2\models\1st_level_normalized\con_0002.nii;1;2;Speech_pseudo;2,86419
D:\PRELUDIUM_JM\Prelu_MRI\sub-Blind20\models\1st_level_normalized\con_0002.nii;1;2;Speech_pseudo;6,44576
D:\PRELUDIUM_JM\Prelu_MRI\sub-Blind3\models\1st_level_normalized\con_0002.nii;1;2;Speech_pseudo;7,9822
D:\PRELUDIUM_JM\Prelu_MRI\sub-Blind4\models\1st_level_normalized\con_0002.nii;1;2;Speech_pseudo;3,23993
D:\PRELUDIUM_JM\Prelu_MRI\sub-Blind5\models\1st_level_normalized\con_0002.nii;1;2;Speech_pseudo;5,07798
D:\PRELUDIUM_JM\Prelu_MRI\sub-Blind6\models\1st_level_normalized\con_0002.nii;1;2;Speech_pseudo;9,34148
D:\PRELUDIUM_JM\Prelu_MRI\sub-Blind7\models\1st_level_normalized\con_0002.nii;1;2;Speech_pseudo;9,51737
D:\PRELUDIUM_JM\Prelu_MRI\sub-Blind8\models\1st_level_normalized\con_0002.nii;1;2;Speech_pseudo;10,7661
D:\PRELUDIUM_JM\Prelu_MRI\sub-Blind9\models\1st_level_normalized\con_0002.nii;1;2;Speech_pseudo;6,95826
D:\PRELUDIUM_JM\Prelu_MRI\sub-Blind1\models\1st_level_normalized\con_0003.nii;1;3;Speech_control;3,99889
D:\PRELUDIUM_JM\Prelu_MRI\sub-Blind10\models\1st_level_normalized\con_0003.nii;1;3;Speech_control;4,19245
D:\PRELUDIUM_JM\Prelu_MRI\sub-Blind11\models\1st_level_normalized\con_0003.nii;1;3;Speech_control;3,1388
D:\PRELUDIUM_JM\Prelu_MRI\sub-Blind12\models\1st_level_normalized\con_0003.nii;1;3;Speech_control;-0,740323
D:\PRELUDIUM_JM\Prelu_MRI\sub-Blind13\models\1st_level_normalized\con_0003.nii;1;3;Speech_control;5,96381
D:\PRELUDIUM_JM\Prelu_MRI\sub-Blind14\models\1st_level_normalized\con_0003.nii;1;3;Speech_control;5,56039
D:\PRELUDIUM_JM\Prelu_MRI\sub-Blind15\models\1st_level_normalized\con_0003.nii;1;3;Speech_control;-2,50059
D:\PRELUDIUM_JM\Prelu_MRI\sub-Blind16\models\1st_level_normalized\con_0003.nii;1;3;Speech_control;-2,09179
D:\PRELUDIUM_JM\Prelu_MRI\sub-Blind17\models\1st_level_normalized\con_0003.nii;1;3;Speech_control;-1,10097
D:\PRELUDIUM_JM\Prelu_MRI\sub-Blind18\models\1st_level_normalized\con_0003.nii;1;3;Speech_control;1,89443
D:\PRELUDIUM_JM\Prelu_MRI\sub-Blind19\models\1st_level_normalized\con_0003.nii;1;3;Speech_control;-0,0364931
D:\PRELUDIUM_JM\Prelu_MRI\sub-Blind2\models\1st_level_normalized\con_0003.nii;1;3;Speech_control;4,83746
D:\PRELUDIUM_JM\Prelu_MRI\sub-Blind20\models\1st_level_normalized\con_0003.nii;1;3;Speech_control;5,92626
D:\PRELUDIUM_JM\Prelu_MRI\sub-Blind3\models\1st_level_normalized\con_0003.nii;1;3;Speech_control;5,15669
D:\PRELUDIUM_JM\Prelu_MRI\sub-Blind4\models\1st_level_normalized\con_0003.nii;1;3;Speech_control;0,673382
D:\PRELUDIUM_JM\Prelu_MRI\sub-Blind5\models\1st_level_normalized\con_0003.nii;1;3;Speech_control;2,23648
D:\PRELUDIUM_JM\Prelu_MRI\sub-Blind6\models\1st_level_normalized\con_0003.nii;1;3;Speech_control;4,6969
D:\PRELUDIUM_JM\Prelu_MRI\sub-Blind7\models\1st_level_normalized\con_0003.nii;1;3;Speech_control;3,17025
D:\PRELUDIUM_JM\Prelu_MRI\sub-Blind8\models\1st_level_normalized\con_0003.nii;1;3;Speech_control;3,13725
D:\PRELUDIUM_JM\Prelu_MRI\sub-Blind9\models\1st_level_normalized\con_0003.nii;1;3;Speech_control;4,12498
D:\PRELUDIUM_JM\Prelu_MRI\sub-Blind1\models\1st_level_normalized\con_0004.nii;1;4;Read_words;10,0765
D:\PRELUDIUM_JM\Prelu_MRI\sub-Blind10\models\1st_level_normalized\con_0004.nii;1;4;Read_words;2,12974
D:\PRELUDIUM_JM\Prelu_MRI\sub-Blind11\models\1st_level_normalized\con_0004.nii;1;4;Read_words;8,07828
D:\PRELUDIUM_JM\Prelu_MRI\sub-Blind12\models\1st_level_normalized\con_0004.nii;1;4;Read_words;5,5228
D:\PRELUDIUM_JM\Prelu_MRI\sub-Blind13\models\1st_level_normalized\con_0004.nii;1;4;Read_words;7,87402
D:\PRELUDIUM_JM\Prelu_MRI\sub-Blind14\models\1st_level_normalized\con_0004.nii;1;4;Read_words;0,289778
D:\PRELUDIUM_JM\Prelu_MRI\sub-Blind15\models\1st_level_normalized\con_0004.nii;1;4;Read_words;-2,3119
D:\PRELUDIUM_JM\Prelu_MRI\sub-Blind16\models\1st_level_normalized\con_0004.nii;1;4;Read_words;3,89842
D:\PRELUDIUM_JM\Prelu_MRI\sub-Blind17\models\1st_level_normalized\con_0004.nii;1;4;Read_words;4,49495
D:\PRELUDIUM_JM\Prelu_MRI\sub-Blind18\models\1st_level_normalized\con_0004.nii;1;4;Read_words;4,50974
D:\PRELUDIUM_JM\Prelu_MRI\sub-Blind19\models\1st_level_normalized\con_0004.nii;1;4;Read_words;0,812197
D:\PRELUDIUM_JM\Prelu_MRI\sub-Blind2\models\1st_level_normalized\con_0004.nii;1;4;Read_words;2,88038
D:\PRELUDIUM_JM\Prelu_MRI\sub-Blind20\models\1st_level_normalized\con_0004.nii;1;4;Read_words;3,23898
D:\PRELUDIUM_JM\Prelu_MRI\sub-Blind3\models\1st_level_normalized\con_0004.nii;1;4;Read_words;0,482083
D:\PRELUDIUM_JM\Prelu_MRI\sub-Blind4\models\1st_level_normalized\con_0004.nii;1;4;Read_words;3,6921
D:\PRELUDIUM_JM\Prelu_MRI\sub-Blind5\models\1st_level_normalized\con_0004.nii;1;4;Read_words;2,35092
D:\PRELUDIUM_JM\Prelu_MRI\sub-Blind6\models\1st_level_normalized\con_0004.nii;1;4;Read_words;4,31088
D:\PRELUDIUM_JM\Prelu_MRI\sub-Blind7\models\1st_level_normalized\con_0004.nii;1;4;Read_words;8,75559
D:\PRELUDIUM_JM\Prelu_MRI\sub-Blind8\models\1st_level_normalized\con_0004.nii;1;4;Read_words;11,4641
D:\PRELUDIUM_JM\Prelu_MRI\sub-Blind9\models\1st_level_normalized\con_0004.nii;1;4;Read_words;5,80039
D:\PRELUDIUM_JM\Prelu_MRI\sub-Blind1\models\1st_level_normalized\con_0005.nii;1;5;Read_pseudo;13,2524
D:\PRELUDIUM_JM\Prelu_MRI\sub-Blind10\models\1st_level_normalized\con_0005.nii;1;5;Read_pseudo;5,36778
D:\PRELUDIUM_JM\Prelu_MRI\sub-Blind11\models\1st_level_normalized\con_0005.nii;1;5;Read_pseudo;8,24615
D:\PRELUDIUM_JM\Prelu_MRI\sub-Blind12\models\1st_level_normalized\con_0005.nii;1;5;Read_pseudo;5,7158
D:\PRELUDIUM_JM\Prelu_MRI\sub-Blind13\models\1st_level_normalized\con_0005.nii;1;5;Read_pseudo;7,92914
D:\PRELUDIUM_JM\Prelu_MRI\sub-Blind14\models\1st_level_normalized\con_0005.nii;1;5;Read_pseudo;0,595533
D:\PRELUDIUM_JM\Prelu_MRI\sub-Blind15\models\1st_level_normalized\con_0005.nii;1;5;Read_pseudo;-1,46626
D:\PRELUDIUM_JM\Prelu_MRI\sub-Blind16\models\1st_level_normalized\con_0005.nii;1;5;Read_pseudo;0,0220056
D:\PRELUDIUM_JM\Prelu_MRI\sub-Blind17\models\1st_level_normalized\con_0005.nii;1;5;Read_pseudo;2,89771
D:\PRELUDIUM_JM\Prelu_MRI\sub-Blind18\models\1st_level_normalized\con_0005.nii;1;5;Read_pseudo;5,5011
D:\PRELUDIUM_JM\Prelu_MRI\sub-Blind19\models\1st_level_normalized\con_0005.nii;1;5;Read_pseudo;-1,10228
D:\PRELUDIUM_JM\Prelu_MRI\sub-Blind2\models\1st_level_normalized\con_0005.nii;1;5;Read_pseudo;1,6943
D:\PRELUDIUM_JM\Prelu_MRI\sub-Blind20\models\1st_level_normalized\con_0005.nii;1;5;Read_pseudo;5,31524
D:\PRELUDIUM_JM\Prelu_MRI\sub-Blind3\models\1st_level_normalized\con_0005.nii;1;5;Read_pseudo;1,17619
D:\PRELUDIUM_JM\Prelu_MRI\sub-Blind4\models\1st_level_normalized\con_0005.nii;1;5;Read_pseudo;4,29366
D:\PRELUDIUM_JM\Prelu_MRI\sub-Blind5\models\1st_level_normalized\con_0005.nii;1;5;Read_pseudo;3,09491
D:\PRELUDIUM_JM\Prelu_MRI\sub-Blind6\models\1st_level_normalized\con_0005.nii;1;5;Read_pseudo;5,61156
D:\PRELUDIUM_JM\Prelu_MRI\sub-Blind7\models\1st_level_normalized\con_0005.nii;1;5;Read_pseudo;8,88667
D:\PRELUDIUM_JM\Prelu_MRI\sub-Blind8\models\1st_level_normalized\con_0005.nii;1;5;Read_pseudo;13,1167
D:\PRELUDIUM_JM\Prelu_MRI\sub-Blind9\models\1st_level_normalized\con_0005.nii;1;5;Read_pseudo;6,61187
D:\PRELUDIUM_JM\Prelu_MRI\sub-Blind1\models\1st_level_normalized\con_0006.nii;1;6;Read_control;-0,126095
D:\PRELUDIUM_JM\Prelu_MRI\sub-Blind10\models\1st_level_normalized\con_0006.nii;1;6;Read_control;3,65108
D:\PRELUDIUM_JM\Prelu_MRI\sub-Blind11\models\1st_level_normalized\con_0006.nii;1;6;Read_control;0,219903
D:\PRELUDIUM_JM\Prelu_MRI\sub-Blind12\models\1st_level_normalized\con_0006.nii;1;6;Read_control;-1,958
D:\PRELUDIUM_JM\Prelu_MRI\sub-Blind13\models\1st_level_normalized\con_0006.nii;1;6;Read_control;1,96859
D:\PRELUDIUM_JM\Prelu_MRI\sub-Blind14\models\1st_level_normalized\con_0006.nii;1;6;Read_control;0,801833
D:\PRELUDIUM_JM\Prelu_MRI\sub-Blind15\models\1st_level_normalized\con_0006.nii;1;6;Read_control;-2,9883
D:\PRELUDIUM_JM\Prelu_MRI\sub-Blind16\models\1st_level_normalized\con_0006.nii;1;6;Read_control;-2,09914
D:\PRELUDIUM_JM\Prelu_MRI\sub-Blind17\models\1st_level_normalized\con_0006.nii;1;6;Read_control;-1,60464
D:\PRELUDIUM_JM\Prelu_MRI\sub-Blind18\models\1st_level_normalized\con_0006.nii;1;6;Read_control;2,01809
D:\PRELUDIUM_JM\Prelu_MRI\sub-Blind19\models\1st_level_normalized\con_0006.nii;1;6;Read_control;2,91628
D:\PRELUDIUM_JM\Prelu_MRI\sub-Blind2\models\1st_level_normalized\con_0006.nii;1;6;Read_control;0,195561
D:\PRELUDIUM_JM\Prelu_MRI\sub-Blind20\models\1st_level_normalized\con_0006.nii;1;6;Read_control;1,65256
D:\PRELUDIUM_JM\Prelu_MRI\sub-Blind3\models\1st_level_normalized\con_0006.nii;1;6;Read_control;-1,87824
D:\PRELUDIUM_JM\Prelu_MRI\sub-Blind4\models\1st_level_normalized\con_0006.nii;1;6;Read_control;0,831955
D:\PRELUDIUM_JM\Prelu_MRI\sub-Blind5\models\1st_level_normalized\con_0006.nii;1;6;Read_control;-0,209461
D:\PRELUDIUM_JM\Prelu_MRI\sub-Blind6\models\1st_level_normalized\con_0006.nii;1;6;Read_control;-0,399992
D:\PRELUDIUM_JM\Prelu_MRI\sub-Blind7\models\1st_level_normalized\con_0006.nii;1;6;Read_control;0,189048
D:\PRELUDIUM_JM\Prelu_MRI\sub-Blind8\models\1st_level_normalized\con_0006.nii;1;6;Read_control;3,51819
D:\PRELUDIUM_JM\Prelu_MRI\sub-Blind9\models\1st_level_normalized\con_0006.nii;1;6;Read_control;6,45888
D:\PRELUDIUM_JM\Prelu_MRI\sub-Sighted1\models\1st_level_normalized\con_0001.nii;2;1;Speech_words;-0,909657
D:\PRELUDIUM_JM\Prelu_MRI\sub-Sighted10\models\1st_level_normalized\con_0001.nii;2;1;Speech_words;0,593583
D:\PRELUDIUM_JM\Prelu_MRI\sub-Sighted11\models\1st_level_normalized\con_0001.nii;2;1;Speech_words;-0,838193
D:\PRELUDIUM_JM\Prelu_MRI\sub-Sighted12\models\1st_level_normalized\con_0001.nii;2;1;Speech_words;0,422454
D:\PRELUDIUM_JM\Prelu_MRI\sub-Sighted13\models\1st_level_normalized\con_0001.nii;2;1;Speech_words;-0,757205
D:\PRELUDIUM_JM\Prelu_MRI\sub-Sighted14\models\1st_level_normalized\con_0001.nii;2;1;Speech_words;-5,19501
D:\PRELUDIUM_JM\Prelu_MRI\sub-Sighted15\models\1st_level_normalized\con_0001.nii;2;1;Speech_words;0,113627
D:\PRELUDIUM_JM\Prelu_MRI\sub-Sighted16\models\1st_level_normalized\con_0001.nii;2;1;Speech_words;-0,604918
D:\PRELUDIUM_JM\Prelu_MRI\sub-Sighted17\models\1st_level_normalized\con_0001.nii;2;1;Speech_words;6,67783
D:\PRELUDIUM_JM\Prelu_MRI\sub-Sighted18\models\1st_level_normalized\con_0001.nii;2;1;Speech_words;1,20277
D:\PRELUDIUM_JM\Prelu_MRI\sub-Sighted19\models\1st_level_normalized\con_0001.nii;2;1;Speech_words;7,74003
D:\PRELUDIUM_JM\Prelu_MRI\sub-Sighted2\models\1st_level_normalized\con_0001.nii;2;1;Speech_words;0,261076
D:\PRELUDIUM_JM\Prelu_MRI\sub-Sighted20\models\1st_level_normalized\con_0001.nii;2;1;Speech_words;-3,70618
D:\PRELUDIUM_JM\Prelu_MRI\sub-Sighted3\models\1st_level_normalized\con_0001.nii;2;1;Speech_words;2,13549
D:\PRELUDIUM_JM\Prelu_MRI\sub-Sighted4\models\1st_level_normalized\con_0001.nii;2;1;Speech_words;-0,559656
D:\PRELUDIUM_JM\Prelu_MRI\sub-Sighted5\models\1st_level_normalized\con_0001.nii;2;1;Speech_words;-0,818503
D:\PRELUDIUM_JM\Prelu_MRI\sub-Sighted6\models\1st_level_normalized\con_0001.nii;2;1;Speech_words;-0,267571
D:\PRELUDIUM_JM\Prelu_MRI\sub-Sighted7\models\1st_level_normalized\con_0001.nii;2;1;Speech_words;3,67052
D:\PRELUDIUM_JM\Prelu_MRI\sub-Sighted8\models\1st_level_normalized\con_0001.nii;2;1;Speech_words;-0,488679
D:\PRELUDIUM_JM\Prelu_MRI\sub-Sighted9\models\1st_level_normalized\con_0001.nii;2;1;Speech_words;3,92375
D:\PRELUDIUM_JM\Prelu_MRI\sub-Sighted1\models\1st_level_normalized\con_0002.nii;2;2;Speech_pseudo;-1,19489
D:\PRELUDIUM_JM\Prelu_MRI\sub-Sighted10\models\1st_level_normalized\con_0002.nii;2;2;Speech_pseudo;-0,738099
D:\PRELUDIUM_JM\Prelu_MRI\sub-Sighted11\models\1st_level_normalized\con_0002.nii;2;2;Speech_pseudo;-0,871798
D:\PRELUDIUM_JM\Prelu_MRI\sub-Sighted12\models\1st_level_normalized\con_0002.nii;2;2;Speech_pseudo;1,48217
D:\PRELUDIUM_JM\Prelu_MRI\sub-Sighted13\models\1st_level_normalized\con_0002.nii;2;2;Speech_pseudo;-3,32987
D:\PRELUDIUM_JM\Prelu_MRI\sub-Sighted14\models\1st_level_normalized\con_0002.nii;2;2;Speech_pseudo;-4,75781
D:\PRELUDIUM_JM\Prelu_MRI\sub-Sighted15\models\1st_level_normalized\con_0002.nii;2;2;Speech_pseudo;-0,340666
D:\PRELUDIUM_JM\Prelu_MRI\sub-Sighted16\models\1st_level_normalized\con_0002.nii;2;2;Speech_pseudo;-0,907729
D:\PRELUDIUM_JM\Prelu_MRI\sub-Sighted17\models\1st_level_normalized\con_0002.nii;2;2;Speech_pseudo;2,98536
D:\PRELUDIUM_JM\Prelu_MRI\sub-Sighted18\models\1st_level_normalized\con_0002.nii;2;2;Speech_pseudo;1,87747
D:\PRELUDIUM_JM\Prelu_MRI\sub-Sighted19\models\1st_level_normalized\con_0002.nii;2;2;Speech_pseudo;6,19415
D:\PRELUDIUM_JM\Prelu_MRI\sub-Sighted2\models\1st_level_normalized\con_0002.nii;2;2;Speech_pseudo;0,983246
D:\PRELUDIUM_JM\Prelu_MRI\sub-Sighted20\models\1st_level_normalized\con_0002.nii;2;2;Speech_pseudo;-2,82241
D:\PRELUDIUM_JM\Prelu_MRI\sub-Sighted3\models\1st_level_normalized\con_0002.nii;2;2;Speech_pseudo;1,20167
D:\PRELUDIUM_JM\Prelu_MRI\sub-Sighted4\models\1st_level_normalized\con_0002.nii;2;2;Speech_pseudo;-1,00387
D:\PRELUDIUM_JM\Prelu_MRI\sub-Sighted5\models\1st_level_normalized\con_0002.nii;2;2;Speech_pseudo;-0,939449
D:\PRELUDIUM_JM\Prelu_MRI\sub-Sighted6\models\1st_level_normalized\con_0002.nii;2;2;Speech_pseudo;-1,23521
D:\PRELUDIUM_JM\Prelu_MRI\sub-Sighted7\models\1st_level_normalized\con_0002.nii;2;2;Speech_pseudo;3,19769
D:\PRELUDIUM_JM\Prelu_MRI\sub-Sighted8\models\1st_level_normalized\con_0002.nii;2;2;Speech_pseudo;-0,518088
D:\PRELUDIUM_JM\Prelu_MRI\sub-Sighted9\models\1st_level_normalized\con_0002.nii;2;2;Speech_pseudo;4,65104
D:\PRELUDIUM_JM\Prelu_MRI\sub-Sighted1\models\1st_level_normalized\con_0003.nii;2;3;Speech_control;0,460514
D:\PRELUDIUM_JM\Prelu_MRI\sub-Sighted10\models\1st_level_normalized\con_0003.nii;2;3;Speech_control;-2,36493
D:\PRELUDIUM_JM\Prelu_MRI\sub-Sighted11\models\1st_level_normalized\con_0003.nii;2;3;Speech_control;-1,90453
D:\PRELUDIUM_JM\Prelu_MRI\sub-Sighted12\models\1st_level_normalized\con_0003.nii;2;3;Speech_control;0,869518
D:\PRELUDIUM_JM\Prelu_MRI\sub-Sighted13\models\1st_level_normalized\con_0003.nii;2;3;Speech_control;-1,91744
D:\PRELUDIUM_JM\Prelu_MRI\sub-Sighted14\models\1st_level_normalized\con_0003.nii;2;3;Speech_control;-5,06865
D:\PRELUDIUM_JM\Prelu_MRI\sub-Sighted15\models\1st_level_normalized\con_0003.nii;2;3;Speech_control;0,00355958
D:\PRELUDIUM_JM\Prelu_MRI\sub-Sighted16\models\1st_level_normalized\con_0003.nii;2;3;Speech_control;-3,08157
D:\PRELUDIUM_JM\Prelu_MRI\sub-Sighted17\models\1st_level_normalized\con_0003.nii;2;3;Speech_control;-0,603502
D:\PRELUDIUM_JM\Prelu_MRI\sub-Sighted18\models\1st_level_normalized\con_0003.nii;2;3;Speech_control;-1,99607
D:\PRELUDIUM_JM\Prelu_MRI\sub-Sighted19\models\1st_level_normalized\con_0003.nii;2;3;Speech_control;1,43786
D:\PRELUDIUM_JM\Prelu_MRI\sub-Sighted2\models\1st_level_normalized\con_0003.nii;2;3;Speech_control;-0,607422
D:\PRELUDIUM_JM\Prelu_MRI\sub-Sighted20\models\1st_level_normalized\con_0003.nii;2;3;Speech_control;-3,7737
D:\PRELUDIUM_JM\Prelu_MRI\sub-Sighted3\models\1st_level_normalized\con_0003.nii;2;3;Speech_control;0,144469
D:\PRELUDIUM_JM\Prelu_MRI\sub-Sighted4\models\1st_level_normalized\con_0003.nii;2;3;Speech_control;-1,91758
D:\PRELUDIUM_JM\Prelu_MRI\sub-Sighted5\models\1st_level_normalized\con_0003.nii;2;3;Speech_control;-0,66981
D:\PRELUDIUM_JM\Prelu_MRI\sub-Sighted6\models\1st_level_normalized\con_0003.nii;2;3;Speech_control;-2,2139
D:\PRELUDIUM_JM\Prelu_MRI\sub-Sighted7\models\1st_level_normalized\con_0003.nii;2;3;Speech_control;-0,756729
D:\PRELUDIUM_JM\Prelu_MRI\sub-Sighted8\models\1st_level_normalized\con_0003.nii;2;3;Speech_control;-2,67954
D:\PRELUDIUM_JM\Prelu_MRI\sub-Sighted9\models\1st_level_normalized\con_0003.nii;2;3;Speech_control;2,54472
D:\PRELUDIUM_JM\Prelu_MRI\sub-Sighted1\models\1st_level_normalized\con_0004.nii;2;4;Read_words;2,274
D:\PRELUDIUM_JM\Prelu_MRI\sub-Sighted10\models\1st_level_normalized\con_0004.nii;2;4;Read_words;5,84199
D:\PRELUDIUM_JM\Prelu_MRI\sub-Sighted11\models\1st_level_normalized\con_0004.nii;2;4;Read_words;5,65277
D:\PRELUDIUM_JM\Prelu_MRI\sub-Sighted12\models\1st_level_normalized\con_0004.nii;2;4;Read_words;-2,67078
D:\PRELUDIUM_JM\Prelu_MRI\sub-Sighted13\models\1st_level_normalized\con_0004.nii;2;4;Read_words;1,48871
D:\PRELUDIUM_JM\Prelu_MRI\sub-Sighted14\models\1st_level_normalized\con_0004.nii;2;4;Read_words;3,64561
D:\PRELUDIUM_JM\Prelu_MRI\sub-Sighted15\models\1st_level_normalized\con_0004.nii;2;4;Read_words;0,737214
D:\PRELUDIUM_JM\Prelu_MRI\sub-Sighted16\models\1st_level_normalized\con_0004.nii;2;4;Read_words;4,8325
D:\PRELUDIUM_JM\Prelu_MRI\sub-Sighted17\models\1st_level_normalized\con_0004.nii;2;4;Read_words;3,05889
D:\PRELUDIUM_JM\Prelu_MRI\sub-Sighted18\models\1st_level_normalized\con_0004.nii;2;4;Read_words;6,37068
D:\PRELUDIUM_JM\Prelu_MRI\sub-Sighted19\models\1st_level_normalized\con_0004.nii;2;4;Read_words;14,2227
D:\PRELUDIUM_JM\Prelu_MRI\sub-Sighted2\models\1st_level_normalized\con_0004.nii;2;4;Read_words;2,89779
D:\PRELUDIUM_JM\Prelu_MRI\sub-Sighted20\models\1st_level_normalized\con_0004.nii;2;4;Read_words;1,91821
D:\PRELUDIUM_JM\Prelu_MRI\sub-Sighted3\models\1st_level_normalized\con_0004.nii;2;4;Read_words;11,6729
D:\PRELUDIUM_JM\Prelu_MRI\sub-Sighted4\models\1st_level_normalized\con_0004.nii;2;4;Read_words;2,5598
D:\PRELUDIUM_JM\Prelu_MRI\sub-Sighted5\models\1st_level_normalized\con_0004.nii;2;4;Read_words;3,33264
D:\PRELUDIUM_JM\Prelu_MRI\sub-Sighted6\models\1st_level_normalized\con_0004.nii;2;4;Read_words;0,54492
D:\PRELUDIUM_JM\Prelu_MRI\sub-Sighted7\models\1st_level_normalized\con_0004.nii;2;4;Read_words;5,40489
D:\PRELUDIUM_JM\Prelu_MRI\sub-Sighted8\models\1st_level_normalized\con_0004.nii;2;4;Read_words;6,1187
D:\PRELUDIUM_JM\Prelu_MRI\sub-Sighted9\models\1st_level_normalized\con_0004.nii;2;4;Read_words;5,96204
D:\PRELUDIUM_JM\Prelu_MRI\sub-Sighted1\models\1st_level_normalized\con_0005.nii;2;5;Read_pseudo;3,80772
D:\PRELUDIUM_JM\Prelu_MRI\sub-Sighted10\models\1st_level_normalized\con_0005.nii;2;5;Read_pseudo;5,84307
D:\PRELUDIUM_JM\Prelu_MRI\sub-Sighted11\models\1st_level_normalized\con_0005.nii;2;5;Read_pseudo;5,98969
D:\PRELUDIUM_JM\Prelu_MRI\sub-Sighted12\models\1st_level_normalized\con_0005.nii;2;5;Read_pseudo;-1,35542
D:\PRELUDIUM_JM\Prelu_MRI\sub-Sighted13\models\1st_level_normalized\con_0005.nii;2;5;Read_pseudo;2,22257
D:\PRELUDIUM_JM\Prelu_MRI\sub-Sighted14\models\1st_level_normalized\con_0005.nii;2;5;Read_pseudo;4,46331
D:\PRELUDIUM_JM\Prelu_MRI\sub-Sighted15\models\1st_level_normalized\con_0005.nii;2;5;Read_pseudo;2,1347
D:\PRELUDIUM_JM\Prelu_MRI\sub-Sighted16\models\1st_level_normalized\con_0005.nii;2;5;Read_pseudo;6,35285
D:\PRELUDIUM_JM\Prelu_MRI\sub-Sighted17\models\1st_level_normalized\con_0005.nii;2;5;Read_pseudo;1,0278
D:\PRELUDIUM_JM\Prelu_MRI\sub-Sighted18\models\1st_level_normalized\con_0005.nii;2;5;Read_pseudo;8,05246
D:\PRELUDIUM_JM\Prelu_MRI\sub-Sighted19\models\1st_level_normalized\con_0005.nii;2;5;Read_pseudo;13,8378
D:\PRELUDIUM_JM\Prelu_MRI\sub-Sighted2\models\1st_level_normalized\con_0005.nii;2;5;Read_pseudo;3,59382
D:\PRELUDIUM_JM\Prelu_MRI\sub-Sighted20\models\1st_level_normalized\con_0005.nii;2;5;Read_pseudo;2,31595
D:\PRELUDIUM_JM\Prelu_MRI\sub-Sighted3\models\1st_level_normalized\con_0005.nii;2;5;Read_pseudo;11,7142
D:\PRELUDIUM_JM\Prelu_MRI\sub-Sighted4\models\1st_level_normalized\con_0005.nii;2;5;Read_pseudo;2,78225
D:\PRELUDIUM_JM\Prelu_MRI\sub-Sighted5\models\1st_level_normalized\con_0005.nii;2;5;Read_pseudo;5,69688
D:\PRELUDIUM_JM\Prelu_MRI\sub-Sighted6\models\1st_level_normalized\con_0005.nii;2;5;Read_pseudo;1,27472
D:\PRELUDIUM_JM\Prelu_MRI\sub-Sighted7\models\1st_level_normalized\con_0005.nii;2;5;Read_pseudo;4,94114
D:\PRELUDIUM_JM\Prelu_MRI\sub-Sighted8\models\1st_level_normalized\con_0005.nii;2;5;Read_pseudo;6,5663
D:\PRELUDIUM_JM\Prelu_MRI\sub-Sighted9\models\1st_level_normalized\con_0005.nii;2;5;Read_pseudo;8,0191
D:\PRELUDIUM_JM\Prelu_MRI\sub-Sighted1\models\1st_level_normalized\con_0006.nii;2;6;Read_control;2,99218
D:\PRELUDIUM_JM\Prelu_MRI\sub-Sighted10\models\1st_level_normalized\con_0006.nii;2;6;Read_control;3,05415
D:\PRELUDIUM_JM\Prelu_MRI\sub-Sighted11\models\1st_level_normalized\con_0006.nii;2;6;Read_control;3,40727
D:\PRELUDIUM_JM\Prelu_MRI\sub-Sighted12\models\1st_level_normalized\con_0006.nii;2;6;Read_control;-2,29396
D:\PRELUDIUM_JM\Prelu_MRI\sub-Sighted13\models\1st_level_normalized\con_0006.nii;2;6;Read_control;1,26805
D:\PRELUDIUM_JM\Prelu_MRI\sub-Sighted14\models\1st_level_normalized\con_0006.nii;2;6;Read_control;0,609677
D:\PRELUDIUM_JM\Prelu_MRI\sub-Sighted15\models\1st_level_normalized\con_0006.nii;2;6;Read_control;0,501992
D:\PRELUDIUM_JM\Prelu_MRI\sub-Sighted16\models\1st_level_normalized\con_0006.nii;2;6;Read_control;3,11
D:\PRELUDIUM_JM\Prelu_MRI\sub-Sighted17\models\1st_level_normalized\con_0006.nii;2;6;Read_control;-3,36501
D:\PRELUDIUM_JM\Prelu_MRI\sub-Sighted18\models\1st_level_normalized\con_0006.nii;2;6;Read_control;4,91688
D:\PRELUDIUM_JM\Prelu_MRI\sub-Sighted19\models\1st_level_normalized\con_0006.nii;2;6;Read_control;11,4417
D:\PRELUDIUM_JM\Prelu_MRI\sub-Sighted2\models\1st_level_normalized\con_0006.nii;2;6;Read_control;1,01669
D:\PRELUDIUM_JM\Prelu_MRI\sub-Sighted20\models\1st_level_normalized\con_0006.nii;2;6;Read_control;1,27941
D:\PRELUDIUM_JM\Prelu_MRI\sub-Sighted3\models\1st_level_normalized\con_0006.nii;2;6;Read_control;6,71553
D:\PRELUDIUM_JM\Prelu_MRI\sub-Sighted4\models\1st_level_normalized\con_0006.nii;2;6;Read_control;1,87169
D:\PRELUDIUM_JM\Prelu_MRI\sub-Sighted5\models\1st_level_normalized\con_0006.nii;2;6;Read_control;4,60227
D:\PRELUDIUM_JM\Prelu_MRI\sub-Sighted6\models\1st_level_normalized\con_0006.nii;2;6;Read_control;1,91198
D:\PRELUDIUM_JM\Prelu_MRI\sub-Sighted7\models\1st_level_normalized\con_0006.nii;2;6;Read_control;0,740876
D:\PRELUDIUM_JM\Prelu_MRI\sub-Sighted8\models\1st_level_normalized\con_0006.nii;2;6;Read_control;4,65449
D:\PRELUDIUM_JM\Prelu_MRI\sub-Sighted9\models\1st_level_normalized\con_0006.nii;2;6;Read_control;2,81023